course_id;title;semester
ECE_ΞΓ210;Αγγλικά;1
ECE_ΞΓ220;Γαλλικά;1
ECE_ΞΓ230;Γερμανικά;1
ECE_ΞΓ240;Ρωσικά;1
ECE_ΞΓ250;Ιταλικά;1
ECE_Υ101;Λογισμός Συναρτήσεων μιας Μεταβλητής;1
ECE_Υ104;Γραμμική Άλγεβρα;1
ECE_Υ106;Εισαγωγή στους Υπολογιστές;1
ECE_Υ107;Σύγχρονη Φυσική;1
ECE_Υ108;Εφαρμοσμένη Φυσική;1
ECE_Υ109;Ψηφιακή Λογική;1
ECE_Υ111;Τεχνικό Σχέδιο;1
ECE_Υ210;Εισαγωγή στην Επιστήμη του Ηλεκτρολόγου Μηχ. & Τεχνολογίας Υπολογιστών;2
ECE_Υ211;Ηλεκτρικά Κυκλώματα Ι;2
ECE_Υ212;Λογισμός Συναρτήσεων Πολλών Μεταβλητών και Διανυσματική Ανάλυση;2
ECE_Υ213;Εργαστήριο Εφαρμοσμένης Φυσικής;2
ECE_Υ214;Συνήθεις Διαφορικές Εξισώσεις & Μιγαδικές Συναρτήσεις;2
ECE_Υ215;Διαδικαστικός Προγραμματισμός;2
ECE_Υ216;Τεχνική Μηχανική;2
ECE_Υ320;Ηλεκτρικά Κυκλώματα ΙΙ;3
ECE_Υ321;Μερικές Διαφορικές Εξισώσεις και Μετασχηματισμοί;3
ECE_Υ322;Πιθανοθεωρία & Στατιστική;3
ECE_Υ323;Ηλεκτροτεχνικά-Ηλεκτρονικά Υλικά;3
ECE_Υ324;Ψηφιακά Κυκλώματα και Συστήματα;3
ECE_Υ325;Αντικειμενοστρεφής Τεχνολογία;3
ECE_Υ420;Ηλεκτρομαγνητικά Πεδία Ι;4
ECE_Υ421;Μικροηλεκτρονικές Διατάξεις και Κυκλώματα;4
ECE_Υ422;Ανάλυση Δικτύων Ισχύος;4
ECE_Υ423;Οργάνωση Υπολογιστών;4
ECE_Υ424;Δίκτυα Επικοινωνιών;4
ECE_Υ425;Σήματα & Συστήματα;4
ECE_Υ426;Τεχνικό Σχέδιο;4
ECE_Υ520;Ηλεκτρομαγνητικά Πεδία ΙΙ;5
ECE_Υ521;Ολοκληρωμένα Ηλεκτρονικά;5
ECE_Υ522;Αριθμητική Ανάλυση;5
ECE_Υ523;Επεξεργασία Σημάτων;5
ECE_Υ524;Συστήματα Επικοινωνιών;5
ECE_Υ525;Συστήματα Ηλεκτρικής Ενέργειας;5
ECE_Y626;Οργάνωση Υπολογιστών;6
ECE_Υ620;Συστήματα Αυτομάτου Ελέγχου;6
ECE_Υ621;Ηλεκτρικές Μετρητικές Διατάξεις και Τεχνικές;6
ECE_Υ622;Μικροϋπολογιστικά/Ενσωματωμένα Συστήματα;6
ECE_Υ623;Ηλεκτρικές Μηχανές;6
ECE_Υ624;Τεχνικό Σχέδιο;6
ECE_Υ625;Αλγόριθμοι & Δομές Δεδομένων;6
ECE_AK706;Δίκτυα Πρόσβασης & Μεταγωγής;7
ECE_ΑΚ701;Θεωρία Πληροφορίας;7
ECE_ΑΚ702;Ασύρματη Διάδοση;7
ECE_ΑΚ703;Ψηφιακές Επικοινωνίες Ι;7
ECE_ΑΚ704;Μικροκύματα;7
ECE_ΑΚ705;Τεχνητή Νοημοσύνη Ι (Δ+Ε);7
ECE_ΑΚ707;Ηλεκτροακουστική (Δ+Ε);7
ECE_ΑΚ708;Ανάκτηση Πληροφορίας;7
ECE_ΑΚ709;Γραφικά & Εικονική Πραγματικότητα (Δ+Ε);7
ECE_ΑΚ710;Εμβιομηχανική;7
ECE_ΒΚ701;Ανάλυση ΣΗΕ (Δ+Ε);7
ECE_ΒΚ702;Υψηλές Τάσεις (Δ+Ε);7
ECE_ΒΚ704;Ηλεκτρικές Εγκαταστάσεις;7
ECE_ΒΚ705;Ηλεκτρονικά Ισχύος Ι (Δ+Ε);7
ECE_ΒΚ706;Ηλεκτρικά Κινητήρια Συστήματα Ι (Δ+Ε);7
ECE_ΒΚ707;Θερμικές Εγκαταστάσεις;7
ECE_ΓΚ701;Αρχιτεκτονική Υπολογιστών;7
ECE_ΓΚ702;Λειτουργικά Συστήματα;7
ECE_ΓΚ703;Βάσεις Δεδομένων (Δ+Ε);7
ECE_ΓΚ705;Ψηφιακή Επεξεργασία Σημάτων (Δ+Ε);7
ECE_ΓΚ707;Σχεδίαση Ολοκληρωμένων Κυκλωμάτων Ι (Δ+Ε);7
ECE_ΓΚ708;Φωτοηλεκτρονικές Διατάξεις;7
ECE_ΓΚ710;Εισαγωγή στη Κβαντική Ηλεκτρονική;7
ECE_ΓΚ803;Προηγμένα Μικροϋπολογιστικά Συστήματα (Δ+Ε);7
ECE_ΓΚ808;Τηλεπικοινωνιακά Ηλεκτρονικά;7
ECE_ΓΚ813;Οπτοηλεκτρονική και Φωτονική Τεχνολογία;7
ECE_ΔΚ701;Έλεγχος Γραμμικών Συστημάτων στον Χώρο Κατάστασης;7
ECE_ΔΚ702;Εφαρμοσμένη Βελτιστοποίηση;7
ECE_ΔΚ703;Εισαγωγή στην Ρομποτική;7
ECE_ΕΚ701;Εισαγωγή στα Κυβερνοφυσικά Συστήματα;7
ECE_ΑΚ801;Εργαστήριο Επικοινωνιών Ι;8
ECE_ΑΚ802;Ασύρματα Δίκτυα & Δίκτυα Κινητών Επικοινωνιών;8
ECE_ΑΚ803;Θεωρία Κεραιών;8
ECE_ΑΚ804;Θεωρία Τηλεπικοινωνιακής Κίνησης & Συστήματα Αναμονής;8
ECE_ΑΚ805;Οπτικές Επικοινωνίες (Δ+Ε);8
ECE_ΑΚ806;Ψηφιακές Επικοινωνίες ΙΙ;8
ECE_ΑΚ807;Εισαγωγή στην Βιοπληροφορική;8
ECE_ΑΚ808;Αναγνώριση Προτύπων (Δ+Ε);8
ECE_ΑΚ809;Ψηφιακή Τεχνολογία Ήχου;8
ECE_ΑΚ810;Υπολογιστική Γλωσσολογία (Δ+Ε);8
ECE_ΑΚ811;3Δ Υπολογιστική Όραση και Γεωμετρία (Δ+Ε);8
ECE_ΑΚ812;Ψηφιακή Επεξεργασία και Ανάλυση Εικόνας;8
ECE_ΑΚ813;Τεχνητή Νοημοσύνη ΙΙ (Δ+Ε);8
ECE_ΑΚ906;Παράλληλος Προγραμματισμός σε προβλήματα Μηχανικής Μάθησης;8
ECE_ΒΚ801;Έλεγχος & Ευστάθεια ΣΗΕ (Δ+Ε);8
ECE_ΒΚ803;Δοκιμές & Μετρήσεις Υψηλών Τάσεων (Δ+Ε);8
ECE_ΒΚ804;Προστασία ΣΗΕ;8
ECE_ΒΚ805;Τεχνολογίες Ελέγχου στις ΑΠΕ;8
ECE_ΒΚ806;Δυναμική & Έλεγχος E-L Ηλεκτρομηχανικών Συστημάτων;8
ECE_ΒΚ807;Προστασία από Υπερτάσεις-Αλεξικέραυνα;8
ECE_ΒΚ808;Ηλεκτρικά Κινητήρια Συστήματα ΙΙ (Δ+Ε);8
ECE_ΒΚ809;Ηλεκτρονικά Ισχύος ΙΙ (Δ+Ε);8
ECE_ΒΚ810;Εμβιομηχανική ΙΙ;8
ECE_ΒΚ811;Ενεργειακός Σχεδιασμός & Κλιματισμός Κτιρίων;8
ECE_ΒΚ812;Ήπιες Μορφές Ενέργειας;8
ECE_ΓΚ706;Προηγμένα Μικτά Αναλογικά/Ψηφιακά Κυκλώματα και Διατάξεις;8
ECE_ΓΚ801;Προηγμένες Τεχνικές Προγραμματισμού (Δ+Ε);8
ECE_ΓΚ802;Προγραμματισμός Διαδικτύου (Δ+Ε);8
ECE_ΓΚ804;Εξόρυξη Δεδομένων & Αλγόριθμοι Μάθησης;8
ECE_ΓΚ806;Γραμμική και Συνδυαστική Βελτιστοποίηση;8
ECE_ΓΚ807;Αρχιτεκτονική Δικτυακών Συστημάτων;8
ECE_ΓΚ809;Σχεδίαση Ολοκληρωμένων Κυκλωμάτων ΙΙ (Δ+Ε);8
ECE_ΓΚ810;Νανοηλεκτρονική;8
ECE_ΓΚ811;Κρυπτογραφία;8
ECE_ΓΚ812;Επεξεργασία Δεδομένων και Αλγόριθμοι Μάθησης;8
ECE_ΓΚ814;Διαστημικές Τεχνολογίες;8
ECE_ΓΚ901;Τεχνολογία Λογισμικού;8
ECE_ΔΚ801;Ψηφιακά Συστήματα Ελέγχου (Δ+Ε);8
ECE_ΔΚ804;Βιομηχανικοί Αυτοματισμοί;8
ECE_ΔΚ806; Σθεναρός Έλεγχος;8
ECE_ΔΚ807;Ευφυής Έλεγχος (Δ+Ε);8
ECE_ΔΚ808;Ρομποτικά Συστήματα Ι (Δ+Ε);8
ECE_ΔΚ902;Μη Γραμμικά Συστήματα και Έλεγχος;8
ECE_ΑΚ705;Τεχνητή Νοημοσύνη Ι (Δ+Ε);9
ECE_ΑΚ901;Προγραμματιζόμενα Δίκτυα & Διαχείριση (Δ+Ε);9
ECE_ΑΚ903;Επικοινωνιές Πολυμέσων;9
ECE_ΑΚ904;Τηλεπικοινωνιακά Δίκτυα Ευρείας Ζώνης-Οπτικά Δίκτυα;9
ECE_ΑΚ905;Εξατομικευμένα Συστήματα Τηλεϊατρικής και Βιοϊατρικής;9
ECE_ΑΚ906;Παράλληλος Προγραμματισμός σε Προβλήματα Μηχανικής Μάθησης (Δ+Ε);9
ECE_ΑΚ907;Κβαντικοί Υπολογιστές;9
ECE_ΒΚ901;Ηλεκτρική Οικονομία;9
ECE_ΒΚ902;Προηγμένος Έλεγχος Ηλεκτρικών Μηχανών;9
ECE_ΒΚ904;Τεχνολογία Ηλεκτρικών Μονώσεων & Νανοδομημένα Διηλεκτρικά;9
ECE_ΒΚ905;Ανάλυση και Σχεδιασμός Ηλεκτρικών Μηχανών με Πεπερασμένα Στοιχεία;9
ECE_ΒΚ906;Ηλεκτρονικά Ισχύος με Σύγχρονες Τεχνολογίες Ημιαγωγών;9
ECE_ΓΚ703;Βάσεις Δεδομένων (Δ+Ε);9
ECE_ΓΚ805;Κατανεμημένα Ενσωματωμένα Συστήματα Πραγματικού Χρόνου;9
ECE_ΓΚ902;Ασφάλεια Υπολογιστών & Δικτύων;9
ECE_ΓΚ903;Παράλληλη Επεξεργασία;9
ECE_ΓΚ904;Διαδραστικές Τεχνολογίες (Δ+Ε);9
ECE_ΓΚ905;Διαδίκτυο των Πραγμάτων;9
ECE_ΓΚ906;Σχεδιασμός Ολοκληρωμένων Συστημάτων (Δ+Ε);9
ECE_ΓΚ907;Ηλεκτρονικά Υψηλών Ταχυτήτων;9
ECE_ΓΚ908;Σύγχρονες Εφαρμογές Ασφάλειας Δικτύων;9
ECE_ΔΚ702;Εφαρμοσμένη Βελτιστοποίηση;9
ECE_ΔΚ803;Στοχαστικά Συστήματα, Εκτίμηση και Έλεγχος;9
ECE_ΔΚ901;Προσαρμοστικός Έλεγχος;9
ECE_ΔΚ903;Βέλτιστος Έλεγχος Συστημάτων;9
ECE_ΔΚ904;Ρομποτικά Συστήματα ΙΙ (Δ+Ε);9